{"mean_fit_time": [0.00039606094360351564, 0.00040950775146484373, 0.00031538009643554686, 0.0004767894744873047, 0.00038170814514160156, 0.0004345893859863281, 0.00033445358276367186, 0.0003233432769775391, 0.0005234241485595703, 0.0007903099060058594, 0.0006837844848632812, 0.00046839714050292967, 0.00042023658752441404, 0.00034503936767578126, 0.0004489421844482422, 0.0003570079803466797, 0.00047659873962402344, 0.0010577201843261718, 0.0005611896514892579, 0.0005604743957519532, 0.0004998207092285156, 0.0005377292633056641, 0.0006891727447509765, 0.0007578849792480469, 0.0003571033477783203, 0.0007615089416503906, 0.0005506038665771485, 0.0005101203918457031, 0.00045313835144042967, 0.0008444309234619141, 0.0003920078277587891, 0.0003666400909423828], "std_fit_time": [5.5482703046109416e-05, 4.595795021917098e-05, 1.204747741157595e-05, 3.087917324485479e-05, 1.5715383745439967e-05, 7.544558443844014e-05, 3.711600709067353e-05, 2.5566388085603274e-05, 3.424925833743873e-05, 4.473825374074358e-05, 4.8511004327239525e-05, 6.002290837520737e-05, 4.5910430337552796e-05, 3.7887825486860215e-05, 6.07970181626974e-05, 4.112609225993338e-05, 5.0893292522802824e-05, 0.00012844895597051645, 9.636210050777503e-05, 6.985060564838084e-05, 7.746022601452827e-05, 6.789307192351067e-05, 6.646870536267743e-05, 0.0003600044881265576, 3.385960190650331e-05, 4.8114027079326656e-05, 6.001987780675524e-05, 5.394282393335825e-05, 4.301605064598038e-05, 0.0005831790262374268, 8.443376443950946e-05, 3.333511244278593e-05], "mean_score_time": [0.0001922607421875, 0.00018033981323242187, 0.0001690387725830078, 0.00020475387573242186, 0.00018296241760253906, 0.0001666545867919922, 0.0001697540283203125, 0.00016393661499023438, 0.0002220630645751953, 0.00032863616943359377, 0.00027866363525390624, 0.00021529197692871094, 0.00018072128295898438, 0.00017132759094238282, 0.00021390914916992189, 0.00017976760864257812, 0.0002654552459716797, 0.0003232002258300781, 0.0002820014953613281, 0.00023264884948730468, 0.00022029876708984375, 0.00029673576354980467, 0.0002595424652099609, 0.00028810501098632815, 0.00017309188842773438, 0.0003261089324951172, 0.00025053024291992186, 0.0002101898193359375, 0.00022439956665039064, 0.0002564907073974609, 0.00018687248229980468, 0.00018911361694335939], "std_score_time": [3.079925127340187e-05, 2.062043684065327e-05, 7.694680310800288e-06, 1.4176906809007757e-05, 8.199103663300397e-06, 3.3344523882002044e-06, 1.1114500342719324e-05, 4.6417593092490995e-06, 1.707356712402977e-05, 1.5274129547220773e-05, 1.315966892306122e-05, 1.0899667215979061e-05, 1.56791714669246e-05, 1.4128870871097239e-05, 1.5712055701776736e-05, 1.1795336027587925e-05, 7.141065903041857e-05, 2.745174338620465e-05, 4.5455963670016335e-05, 9.461823871168718e-06, 1.573996050703259e-05, 4.981764054914087e-05, 1.3130436517556647e-05, 7.903086458704557e-05, 1.0930913339946414e-05, 2.036959935530956e-05, 2.2389726152785155e-05, 1.5935638147106883e-05, 1.32311786198646e-05, 3.2015061285432815e-05, 3.524868518170593e-05, 1.1371741474883423e-05], "param_C": [2.352718564818733, 0.0012602593949011189, 2.2095350994035026, 5.87540411933884e-05, 0.0006168340492440594, 11428.693628355693, 403250.2994939669, 1.3361910455737007, 1.272488783429722e-05, 0.027192161365809257, 116415.15915749954, 893744.5520735467, 2638.105513516438, 1000000.0, 1000000.0, 1000000.0, 5766.248821536468, 526896.0746745217, 716.8211750500403, 1000000.0, 3564.080226609946, 22.264704121469382, 1e-06, 1000000.0, 13.909131711926054, 1.592487874091579, 1000000.0, 1e-06, 1.1314860520689558, 4310.211841301782, 8279.02286857841, 2.8857004413058656], "param_degree": [6, 8, 1, 6, 3, 8, 6, 5, 7, 4, 5, 5, 8, 1, 6, 8, 1, 5, 2, 8, 8, 1, 1, 7, 1, 1, 4, 8, 7, 8, 7, 1], "param_gamma": [0.022854318128961743, 2.285959941576884, 0.0002488766453161173, 0.001948086705393068, 0.1251031728258015, 0.13609648966949792, 0.0009731446660936579, 0.11283439533114079, 0.35840521681314447, 6.79471779184038e-05, 0.00038453446352601435, 0.00019934892742767937, 0.045161003802594524, 0.039372711695633805, 0.01572315572415988, 3.07376786778538, 0.00463854181825871, 10.0, 2.2388858298105754e-06, 0.7432503010617525, 0.00036135778363802386, 0.00014536375417632946, 1.0158044510813123e-05, 10.0, 0.6304440685646991, 1e-06, 0.19955383884976285, 10.0, 0.019485198360167787, 0.19375688124612186, 0.01191337519600603, 0.11310018133701123], "param_kernel": ["poly", "poly", "linear", "poly", "poly", "poly", "linear", "linear", "rbf", "rbf", "poly", "linear", "poly", "poly", "linear", "linear", "rbf", "rbf", "poly", "poly", "linear", "linear", "linear", "poly", "linear", "rbf", "poly", "linear", "linear", "poly", "linear", "poly"], "params": [{"C": 2.352718564818733, "degree": 6, "gamma": 0.022854318128961743, "kernel": "poly"}, {"C": 0.0012602593949011189, "degree": 8, "gamma": 2.285959941576884, "kernel": "poly"}, {"C": 2.2095350994035026, "degree": 1, "gamma": 0.0002488766453161173, "kernel": "linear"}, {"C": 5.87540411933884e-05, "degree": 6, "gamma": 0.001948086705393068, "kernel": "poly"}, {"C": 0.0006168340492440594, "degree": 3, "gamma": 0.1251031728258015, "kernel": "poly"}, {"C": 11428.693628355693, "degree": 8, "gamma": 0.13609648966949792, "kernel": "poly"}, {"C": 403250.2994939669, "degree": 6, "gamma": 0.0009731446660936579, "kernel": "linear"}, {"C": 1.3361910455737007, "degree": 5, "gamma": 0.11283439533114079, "kernel": "linear"}, {"C": 1.272488783429722e-05, "degree": 7, "gamma": 0.35840521681314447, "kernel": "rbf"}, {"C": 0.027192161365809257, "degree": 4, "gamma": 6.79471779184038e-05, "kernel": "rbf"}, {"C": 116415.15915749954, "degree": 5, "gamma": 0.00038453446352601435, "kernel": "poly"}, {"C": 893744.5520735467, "degree": 5, "gamma": 0.00019934892742767937, "kernel": "linear"}, {"C": 2638.105513516438, "degree": 8, "gamma": 0.045161003802594524, "kernel": "poly"}, {"C": 1000000.0, "degree": 1, "gamma": 0.039372711695633805, "kernel": "poly"}, {"C": 1000000.0, "degree": 6, "gamma": 0.01572315572415988, "kernel": "linear"}, {"C": 1000000.0, "degree": 8, "gamma": 3.07376786778538, "kernel": "linear"}, {"C": 5766.248821536468, "degree": 1, "gamma": 0.00463854181825871, "kernel": "rbf"}, {"C": 526896.0746745217, "degree": 5, "gamma": 10.0, "kernel": "rbf"}, {"C": 716.8211750500403, "degree": 2, "gamma": 2.2388858298105754e-06, "kernel": "poly"}, {"C": 1000000.0, "degree": 8, "gamma": 0.7432503010617525, "kernel": "poly"}, {"C": 3564.080226609946, "degree": 8, "gamma": 0.00036135778363802386, "kernel": "linear"}, {"C": 22.264704121469382, "degree": 1, "gamma": 0.00014536375417632946, "kernel": "linear"}, {"C": 1e-06, "degree": 1, "gamma": 1.0158044510813123e-05, "kernel": "linear"}, {"C": 1000000.0, "degree": 7, "gamma": 10.0, "kernel": "poly"}, {"C": 13.909131711926054, "degree": 1, "gamma": 0.6304440685646991, "kernel": "linear"}, {"C": 1.592487874091579, "degree": 1, "gamma": 1e-06, "kernel": "rbf"}, {"C": 1000000.0, "degree": 4, "gamma": 0.19955383884976285, "kernel": "poly"}, {"C": 1e-06, "degree": 8, "gamma": 10.0, "kernel": "linear"}, {"C": 1.1314860520689558, "degree": 7, "gamma": 0.019485198360167787, "kernel": "linear"}, {"C": 4310.211841301782, "degree": 8, "gamma": 0.19375688124612186, "kernel": "poly"}, {"C": 8279.02286857841, "degree": 7, "gamma": 0.01191337519600603, "kernel": "linear"}, {"C": 2.8857004413058656, "degree": 1, "gamma": 0.11310018133701123, "kernel": "poly"}], "split0_test_score": [1.0, 1.0, 1.0, 0.34782608695652173, 0.8260869565217391, 1.0, 1.0, 1.0, 0.34782608695652173, 0.34782608695652173, 0.34782608695652173, 1.0, 1.0, 1.0, 1.0, 1.0, 0.9565217391304348, 0.8695652173913043, 0.34782608695652173, 1.0, 1.0, 1.0, 0.34782608695652173, 1.0, 1.0, 0.34782608695652173, 1.0, 0.34782608695652173, 1.0, 1.0, 1.0, 1.0],