{
    "mean_fit_time": [
        1264.822217655182,
        1336.3747501850128
    ],
    "std_fit_time": [
        71.77451268646159,
        11.009821881968243
    ],
    "mean_score_time": [
        0.4118307590484619,
        0.44131836891174314
    ],
    "std_score_time": [
        0.03502793428671115,
        0.037543466948101116
    ],
    "param_a": [
        0.00535654523302626,
        0.00221597579595464
    ],
    "param_c": [
        0.006793187137881445,
        0.0015348381622601844
    ],
    "params": [
        {
            "a": 0.00535654523302626,
            "c": 0.006793187137881445
        },
        {
            "a": 0.00221597579595464,
            "c": 0.0015348381622601844
        }
    ],
    "split0_test_score": [
        341.9338863096161,
        362.65715214656257
    ],
    "split1_test_score": [
        290.12572171725003,
        253.8600065025938
    ],
    "split2_test_score": [
        347.11470276885274,
        290.12572171725003
    ],
    "split3_test_score": [
        207.2326583694643,
        212.4134748287009
    ],
    "split4_test_score": [
        253.8600065025938,
        274.5832723395402
    ],
    "mean_test_score": [
        288.0533951335554,
        278.72792550692947
    ],
    "std_test_score": [
        53.097682140735216,
        49.41097602156479
    ],
    "rank_test_score": [
        1,
        2
    ],
    "best_params": {
        "a": 0.00535654523302626,
        "c": 0.006793187137881445
    }
}