{
    "mean_fit_time": [
        2517.2367453098295,
        2603.894438791275,
        2524.5685950756074
    ],
    "std_fit_time": [
        53.55461770462034,
        21.24144244644286,
        61.19683784519957
    ],
    "mean_score_time": [
        0.10019149780273437,
        0.1006239891052246,
        0.09847579002380372
    ],
    "std_score_time": [
        0.060276331256096986,
        0.060122490004760394,
        0.059787241686082106
    ],
    "param_stepsize": [
        0.024018888794796234,
        0.08397847187276689,
        0.09674599126354569
    ],
    "params": [
        {
            "stepsize": 0.024018888794796234
        },
        {
            "stepsize": 0.08397847187276689
        },
        {
            "stepsize": 0.09674599126354569
        }
    ],
    "split0_test_score": [
        0.0,
        0.0,
        0.0
    ],
    "split1_test_score": [
        0.5,
        0.0,
        0.0
    ],
    "split2_test_score": [
        0.0,
        0.6,
        0.6
    ],
    "split3_test_score": [
        0.5714285714285714,
        0.14285714285714285,
        0.5714285714285714
    ],
    "split4_test_score": [
        0.875,
        0.875,
        0.875
    ],
    "mean_test_score": [
        0.3892857142857143,
        0.32357142857142857,
        0.40928571428571425
    ],
    "std_test_score": [
        0.3418885126792663,
        0.3528571428571428,
        0.3505942477146655
    ],
    "rank_test_score": [
        2,
        3,
        1
    ],
    "best_params": {
        "stepsize": 0.09674599126354569
    }
}