{
    "mean_fit_time": [
        7365.09940109253,
        7412.138223218918,
        7377.507674026489
    ],
    "std_fit_time": [
        283.1159822767083,
        410.19637053315574,
        313.8548070594475
    ],
    "mean_score_time": [
        0.5202166557312011,
        0.5299409866333008,
        0.572763729095459
    ],
    "std_score_time": [
        0.11242859461693812,
        0.10509260051989176,
        0.20291672899402532
    ],
    "param_stepsize": [
        0.03946358616612397,
        0.06479730862200607,
        0.011125038157181591
    ],
    "params": [
        {
            "stepsize": 0.03946358616612397
        },
        {
            "stepsize": 0.06479730862200607
        },
        {
            "stepsize": 0.011125038157181591
        }
    ],
    "split0_test_score": [
        0.3125,
        0.1875,
        0.0625
    ],
    "split1_test_score": [
        0.5625,
        0.5625,
        0.0
    ],
    "split2_test_score": [
        0.125,
        0.75,
        0.75
    ],
    "split3_test_score": [
        0.13333333333333333,
        0.06666666666666667,
        0.3333333333333333
    ],
    "split4_test_score": [
        0.25,
        0.625,
        0.375
    ],
    "mean_test_score": [
        0.27666666666666667,
        0.4383333333333333,
        0.30416666666666664
    ],
    "std_test_score": [
        0.1595262082264576,
        0.26398916223545577,
        0.26666666666666666
    ],
    "rank_test_score": [
        3,
        1,
        2
    ],
    "best_params": {
        "stepsize": 0.06479730862200607
    }
}