{
    "mean_fit_time": [
        9639.114409589767,
        9894.94526014328,
        9904.827592229844
    ],
    "std_fit_time": [
        399.6238044591751,
        483.2668873149523,
        473.9743758583877
    ],
    "mean_score_time": [
        0.6700901985168457,
        0.683553409576416,
        0.7328713417053223
    ],
    "std_score_time": [
        0.15020725137194502,
        0.14506541080619523,
        0.13510368825260538
    ],
    "param_stepsize": [
        0.07271243613359137,
        0.031180144555602057,
        0.050265556524544376
    ],
    "params": [
        {
            "stepsize": 0.07271243613359137
        },
        {
            "stepsize": 0.031180144555602057
        },
        {
            "stepsize": 0.050265556524544376
        }
    ],
    "split0_test_score": [
        0.2,
        0.2,
        0.05
    ],
    "split1_test_score": [
        0.0,
        0.05,
        0.0
    ],
    "split2_test_score": [
        0.25,
        0.1,
        0.3
    ],
    "split3_test_score": [
        0.55,
        0.25,
        0.15
    ],
    "split4_test_score": [
        0.4444444444444444,
        0.6111111111111112,
        0.5
    ],
    "mean_test_score": [
        0.28888888888888886,
        0.24222222222222226,
        0.2
    ],
    "std_test_score": [
        0.19248216207235774,
        0.19753418207090073,
        0.1816590212458495
    ],
    "rank_test_score": [
        1,
        2,
        3
    ],
    "best_params": {
        "stepsize": 0.07271243613359137
    }
}