{
    "mean_fit_time": [
        12306.345732831955,
        12354.909603881835,
        12314.809548997879
    ],
    "std_fit_time": [
        438.86497850214533,
        517.171628740882,
        490.01467766740666
    ],
    "mean_score_time": [
        0.887426233291626,
        0.917195463180542,
        0.901242446899414
    ],
    "std_score_time": [
        0.17998433978444606,
        0.16248866897731604,
        0.18509446868444812
    ],
    "param_stepsize": [
        0.04690865091996996,
        0.02294427506855247,
        0.06189948280467475
    ],
    "params": [
        {
            "stepsize": 0.04690865091996996
        },
        {
            "stepsize": 0.02294427506855247
        },
        {
            "stepsize": 0.06189948280467475
        }
    ],
    "split0_test_score": [
        0.16666666666666666,
        0.3333333333333333,
        0.16666666666666666
    ],
    "split1_test_score": [
        0.125,
        0.08333333333333333,
        0.7083333333333334
    ],
    "split2_test_score": [
        0.16666666666666666,
        0.3333333333333333,
        0.25
    ],
    "split3_test_score": [
        0.0,
        0.7083333333333334,
        0.7083333333333334
    ],
    "split4_test_score": [
        0.0,
        0.0,
        0.4166666666666667
    ],
    "mean_test_score": [
        0.09166666666666665,
        0.2916666666666667,
        0.45
    ],
    "std_test_score": [
        0.07637626158259732,
        0.2472066162365221,
        0.22577028640240113
    ],
    "rank_test_score": [
        3,
        2,
        1
    ],
    "best_params": {
        "stepsize": 0.06189948280467475
    }
}