{
    "mean_fit_time": [
        14588.506984329224,
        14684.68907032013,
        14702.067483234405
    ],
    "std_fit_time": [
        542.3336935630624,
        499.2329369688356,
        528.9204880184144
    ],
    "mean_score_time": [
        1.6755361080169677,
        1.0771839141845703,
        1.0666424751281738
    ],
    "std_score_time": [
        1.3351936953759673,
        0.22766864790875943,
        0.17204210038948384
    ],
    "param_stepsize": [
        0.0037062070841237995,
        0.07558177702608383,
        0.07125348013368797
    ],
    "params": [
        {
            "stepsize": 0.0037062070841237995
        },
        {
            "stepsize": 0.07558177702608383
        },
        {
            "stepsize": 0.07125348013368797
        }
    ],
    "split0_test_score": [
        0.03571428571428571,
        0.03571428571428571,
        0.21428571428571427
    ],
    "split1_test_score": [
        0.07142857142857142,
        0.07142857142857142,
        0.5714285714285714
    ],
    "split2_test_score": [
        0.17857142857142858,
        0.4642857142857143,
        0.2857142857142857
    ],
    "split3_test_score": [
        0.4642857142857143,
        0.0,
        0.39285714285714285
    ],
    "split4_test_score": [
        0.07142857142857142,
        0.4642857142857143,
        0.10714285714285714
    ],
    "mean_test_score": [
        0.16428571428571428,
        0.20714285714285713,
        0.3142857142857143
    ],
    "std_test_score": [
        0.15746719775034718,
        0.21116779284420692,
        0.1587579340778062
    ],
    "rank_test_score": [
        3,
        2,
        1
    ],
    "best_params": {
        "stepsize": 0.07125348013368797
    }
}