{
    "mean_fit_time": [
        19673.093772029875,
        19350.441091489793,
        18631.124750089646
    ],
    "std_fit_time": [
        671.9338896597562,
        970.2690094063842,
        689.9022844478211
    ],
    "mean_score_time": [
        1.4500855445861816,
        1.4294387817382812,
        1.3652413368225098
    ],
    "std_score_time": [
        0.24324227464880577,
        0.23372156464712587,
        0.2202959251722315
    ],
    "param_stepsize": [
        0.02556976864553932,
        0.04602917062786804,
        0.00807505545954422
    ],
    "params": [
        {
            "stepsize": 0.02556976864553932
        },
        {
            "stepsize": 0.04602917062786804
        },
        {
            "stepsize": 0.00807505545954422
        }
    ],
    "split0_test_score": [
        0.5277777777777778,
        0.05555555555555555,
        0.4722222222222222
    ],
    "split1_test_score": [
        0.4722222222222222,
        0.3333333333333333,
        0.08333333333333333
    ],
    "split2_test_score": [
        0.05555555555555555,
        0.0,
        0.5277777777777778
    ],
    "split3_test_score": [
        0.08333333333333333,
        0.4722222222222222,
        0.08333333333333333
    ],
    "split4_test_score": [
        0.1111111111111111,
        0.16666666666666666,
        0.1111111111111111
    ],
    "mean_test_score": [
        0.25,
        0.20555555555555555,
        0.2555555555555556
    ],
    "std_test_score": [
        0.2056306169257972,
        0.1753303759784389,
        0.2006163342807532
    ],
    "rank_test_score": [
        2,
        3,
        1
    ],
    "best_params": {
        "stepsize": 0.00807505545954422
    }
}