{
    "mean_fit_time": [
        15351.924503469467,
        15401.675708580016,
        15394.351135873794
    ],
    "std_fit_time": [
        543.2173659140838,
        543.6404136473772,
        556.883501780949
    ],
    "mean_score_time": [
        1.1283544540405273,
        1.1393139839172364,
        1.1355870246887207
    ],
    "std_score_time": [
        0.18945892416327956,
        0.18286058101161776,
        0.18330232146653955
    ],
    "param_stepsize": [
        0.007272603609505688,
        0.06740224694971647,
        0.01629858025527411
    ],
    "params": [
        {
            "stepsize": 0.007272603609505688
        },
        {
            "stepsize": 0.06740224694971647
        },
        {
            "stepsize": 0.01629858025527411
        }
    ],
    "split0_test_score": [
        0.05,
        0.475,
        0.15
    ],
    "split1_test_score": [
        0.25,
        0.175,
        0.25
    ],
    "split2_test_score": [
        0.075,
        0.0,
        0.45
    ],
    "split3_test_score": [
        0.175,
        0.175,
        0.35
    ],
    "split4_test_score": [
        0.13157894736842105,
        0.10526315789473684,
        0.18421052631578946
    ],
    "mean_test_score": [
        0.13631578947368422,
        0.18605263157894736,
        0.2768421052631579
    ],
    "std_test_score": [
        0.0716282724786976,
        0.1580363400124887,
        0.11020504686524406
    ],
    "rank_test_score": [
        3,
        2,
        1
    ],
    "best_params": {
        "stepsize": 0.01629858025527411
    }
}