{
    "mean_fit_time": [
        17143.015574550627,
        17154.291930294035,
        17155.148531627656
    ],
    "std_fit_time": [
        560.7892612737833,
        585.1111973006548,
        581.3838420363588
    ],
    "mean_score_time": [
        1.8031338214874268,
        1.2519807815551758,
        1.2551632881164552
    ],
    "std_score_time": [
        1.191429438778322,
        0.20523385781044245,
        0.20644960362131773
    ],
    "param_stepsize": [
        0.052377147280305666,
        0.08258704062889935,
        0.07504819534042578
    ],
    "params": [
        {
            "stepsize": 0.052377147280305666
        },
        {
            "stepsize": 0.08258704062889935
        },
        {
            "stepsize": 0.07504819534042578
        }
    ],
    "split0_test_score": [
        0.4318181818181818,
        0.36363636363636365,
        0.045454545454545456
    ],
    "split1_test_score": [
        0.20454545454545456,
        0.25,
        0.18181818181818182
    ],
    "split2_test_score": [
        0.09090909090909091,
        0.4090909090909091,
        0.09090909090909091
    ],
    "split3_test_score": [
        0.3409090909090909,
        0.18181818181818182,
        0.5
    ],
    "split4_test_score": [
        0.225,
        0.225,
        0.175
    ],
    "mean_test_score": [
        0.25863636363636366,
        0.28590909090909095,
        0.19863636363636364
    ],
    "std_test_score": [
        0.11743118259060537,
        0.08608087682738776,
        0.15920515378509437
    ],
    "rank_test_score": [
        2,
        1,
        3
    ],
    "best_params": {
        "stepsize": 0.08258704062889935
    }
}