{
    "mean_fit_time": [
        1260.0426678180695,
        1249.573350048065,
        1320.029019832611
    ],
    "std_fit_time": [
        11.158275256134221,
        12.057322104651785,
        12.710983407161468
    ],
    "mean_score_time": [
        0.5371768951416016,
        0.062344694137573244,
        0.06528873443603515
    ],
    "std_score_time": [
        0.9588924967068224,
        0.031659486312644994,
        0.033799697045399944
    ],
    "param_stepsize": [
        0.053565452330262595,
        0.026578794535302066,
        0.053340482465469644
    ],
    "params": [
        {
            "stepsize": 0.053565452330262595
        },
        {
            "stepsize": 0.026578794535302066
        },
        {
            "stepsize": 0.053340482465469644
        }
    ],
    "split0_test_score": [
        0.0,
        0.0,
        0.75
    ],
    "split1_test_score": [
        0.0,
        0.25,
        0.25
    ],
    "split2_test_score": [
        0.0,
        0.75,
        0.75
    ],
    "split3_test_score": [
        0.3333333333333333,
        0.3333333333333333,
        0.3333333333333333
    ],
    "split4_test_score": [
        0.0,
        0.0,
        0.0
    ],
    "mean_test_score": [
        0.06666666666666667,
        0.26666666666666666,
        0.4166666666666667
    ],
    "std_test_score": [
        0.13333333333333333,
        0.2758824226207808,
        0.29344694769431684
    ],
    "rank_test_score": [
        3,
        2,
        1
    ],
    "best_params": {
        "stepsize": 0.053340482465469644
    }
}