{
    "mean_fit_time": [
        4258.536730766296,
        4102.856838369369,
        5216.55915927887
    ],
    "std_fit_time": [
        248.97386708144109,
        139.52686162676287,
        250.78395135535226
    ],
    "mean_score_time": [
        0.2524102687835693,
        0.24649491310119628,
        0.323728609085083
    ],
    "std_score_time": [
        0.07729381552281521,
        0.07690567716199384,
        0.10211740283408517
    ],
    "param_stepsize": [
        0.01011339519361637,
        0.037584160762651725,
        0.05490880678912344
    ],
    "params": [
        {
            "stepsize": 0.01011339519361637
        },
        {
            "stepsize": 0.037584160762651725
        },
        {
            "stepsize": 0.05490880678912344
        }
    ],
    "split0_test_score": [
        0.5,
        0.3333333333333333,
        0.3333333333333333
    ],
    "split1_test_score": [
        0.08333333333333333,
        0.08333333333333333,
        0.08333333333333333
    ],
    "split2_test_score": [
        0.4,
        0.0,
        0.0
    ],
    "split3_test_score": [
        0.09090909090909091,
        0.09090909090909091,
        0.09090909090909091
    ],
    "split4_test_score": [
        0.09090909090909091,
        0.0,
        0.0
    ],
    "mean_test_score": [
        0.233030303030303,
        0.10151515151515152,
        0.10151515151515152
    ],
    "std_test_score": [
        0.17997653147691497,
        0.12230567315521554,
        0.12230567315521554
    ],
    "rank_test_score": [
        1,
        2,
        2
    ],
    "best_params": {
        "stepsize": 0.01011339519361637
    }
}