{
    "mean_fit_time": [
        17051.096774959566,
        17112.21445198059,
        17297.8524459362
    ],
    "std_fit_time": [
        496.02631127964054,
        596.7721374886684,
        583.6287891894173
    ],
    "mean_score_time": [
        1.305647611618042,
        1.2804015636444093,
        1.214033269882202
    ],
    "std_score_time": [
        0.19717721637830415,
        0.17812718086119925,
        0.19544889826203335
    ],
    "param_stepsize": [
        0.0525487211534324,
        0.09800272813036559,
        0.09176007812671476
    ],
    "params": [
        {
            "stepsize": 0.0525487211534324
        },
        {
            "stepsize": 0.09800272813036559
        },
        {
            "stepsize": 0.09176007812671476
        }
    ],
    "split0_test_score": [
        0.40625,
        0.46875,
        0.03125
    ],
    "split1_test_score": [
        0.15625,
        0.1875,
        0.4375
    ],
    "split2_test_score": [
        0.5625,
        0.5625,
        0.5625
    ],
    "split3_test_score": [
        0.09375,
        0.0625,
        0.09375
    ],
    "split4_test_score": [
        0.15625,
        0.125,
        0.21875
    ],
    "mean_test_score": [
        0.275,
        0.28125,
        0.26875
    ],
    "std_test_score": [
        0.17940875118009153,
        0.19764235376052372,
        0.20213702035995287
    ],
    "rank_test_score": [
        2,
        1,
        3
    ],
    "best_params": {
        "stepsize": 0.09800272813036559
    }
}