{
    "mean_fit_time": [
        18728.985374355318,
        25122.41945195198,
        24623.39334626198
    ],
    "std_fit_time": [
        411.3593972898655,
        750.2468146640106,
        592.981429700626
    ],
    "mean_score_time": [
        1.4256779670715332,
        1.9740689754486085,
        1.817343282699585
    ],
    "std_score_time": [
        0.2191574038189514,
        0.17351115827092267,
        0.41304230045780344
    ],
    "param_stepsize": [
        0.03332037673928011,
        0.056781423655446445,
        0.08789064673115389
    ],
    "params": [
        {
            "stepsize": 0.03332037673928011
        },
        {
            "stepsize": 0.056781423655446445
        },
        {
            "stepsize": 0.08789064673115389
        }
    ],
    "split0_test_score": [
        0.10416666666666667,
        0.4375,
        0.125
    ],
    "split1_test_score": [
        0.1875,
        0.3541666666666667,
        0.20833333333333334
    ],
    "split2_test_score": [
        0.3541666666666667,
        0.041666666666666664,
        0.0625
    ],
    "split3_test_score": [
        0.16666666666666666,
        0.3333333333333333,
        0.20833333333333334
    ],
    "split4_test_score": [
        0.3111111111111111,
        0.24444444444444444,
        0.28888888888888886
    ],
    "mean_test_score": [
        0.2247222222222222,
        0.28222222222222226,
        0.1786111111111111
    ],
    "std_test_score": [
        0.09328288980763942,
        0.1350508591897928,
        0.07782538225705538
    ],
    "rank_test_score": [
        2,
        1,
        3
    ],
    "best_params": {
        "stepsize": 0.056781423655446445
    }
}